1,david,canales,david@canales
2,santiago,franco,santiago@franco
3,gego,orozco,gego@orozco
4,alan,ruiz,alan@ruiz
5,berny,castañeda,berny@castañeda
6,angel,perez,angel@perez
7,ksdms,ksdjksdj,kskdskds
8,ksdjskd,skdksjkd,skdksd
9,skdjksd,osdkoskds,skdskds
10,skdskds,sodkskdosd,osdksodksod
11,aaaaa,aaaaa,aaaaa
12,lolito,perez,lolito@